{"cameraMode":{"drawMode":0,"name":"Shaded","section":"Shading Mode"},"sceneLighting":false,"audioPlay":false,"sceneViewState":{"showFog":true,"showMaterialUpdate":false,"showSkybox":false,"showFlares":true,"showImageEffects":true,"showParticleSystems":true,"showVisualEffectGraphs":true,"m_FxEnabled":true},"in2DMode":false,"pivot":{"x":-0.00028071925044059753,"y":0.017348460853099824,"z":0.0017592906951904297},"rotation":{"x":-0.049555473029613498,"y":-0.949579119682312,"z":0.1938289850950241,"w":-0.24145127832889558},"size":0.326445072889328,"orthographic":false}