{"cameraMode":{"drawMode":0,"name":"Shaded","section":"Shading Mode"},"sceneLighting":false,"audioPlay":false,"sceneViewState":{"showFog":true,"showMaterialUpdate":false,"showSkybox":false,"showFlares":true,"showImageEffects":true,"showParticleSystems":true,"showVisualEffectGraphs":true,"m_FxEnabled":true},"in2DMode":false,"pivot":{"x":-0.02117370069026947,"y":0.05299907922744751,"z":-0.07453500479459763},"rotation":{"x":0.10269887745380402,"y":-0.7759575843811035,"z":-0.13143403828144074,"w":-0.6083500385284424},"size":0.04330050200223923,"orthographic":false}