{"cameraMode":{"drawMode":0,"name":"Shaded","section":"Shading Mode"},"sceneLighting":false,"audioPlay":false,"sceneViewState":{"showFog":true,"showMaterialUpdate":false,"showSkybox":false,"showFlares":true,"showImageEffects":true,"showParticleSystems":true,"showVisualEffectGraphs":true,"m_FxEnabled":true},"in2DMode":false,"pivot":{"x":-0.002963367849588394,"y":0.040653280913829806,"z":0.0013457536697387696},"rotation":{"x":-0.009384735487401486,"y":-0.9164777398109436,"z":0.02091079205274582,"w":-0.3994652330875397},"size":0.593081533908844,"orthographic":false}